Tipo de Registro;Nº NFS-e;Data Hora NFE;Código de Verificação da NFS-e;Tipo de RPS;Série do RPS;Número do RPS;Data de Emissão do RPS;Inscrição Municipal do Prestador;Indicador de CPF/CNPJ do Prestador;CPF/CNPJ do Prestador;Razão Social do Prestador;Tipo do Endereço do Prestador;Endereço do Prestador;Número do Endereço do Prestador;Complemento do Endereço do Prestador;Bairro do Prestador;Cidade do Prestador;UF do Prestador;CEP do Prestador;Email do Prestador;Opção Pelo Simples;Situação da Nota Fiscal;Data de Cancelamento;Nº da Guia;Data de Quitação da Guia Vinculada a Nota Fiscal;Valor dos Serviços;Valor das Deduções;Código do Serviço Prestado na Nota Fiscal;Alíquota;ISS devido;Valor do Crédito;ISS Retido;PIS;COFINS;INSS;IRPJ;CSLL;Indicador de CPF/CNPJ do Tomador;CPF/CNPJ do Tomador;Inscrição Municipal do Tomador;Inscrição Estadual do Tomador;Razão Social do Tomador;Tipo do Endereço do Tomador;Endereço do Tomador;Número do Endereço do Tomador;Complemento do Endereço do Tomador;Bairro do Tomador;Cidade do Tomador;UF do Tomador;CEP do Tomador;Email do Tomador;Discriminação dos Serviços
2;8662;31/07/2026 16:49:17;4BZAJN4I;RPS;1;8649;31/07/2026 ;00.271.122/001-86;2;07.766.008/0001-02;BAHIA HOME CARE SERVICOS MEDICOS DOMICILIARES LTDA;Rua;Professor Ronald Gonçalves dos Santos;38;;ARMAÇÃO;Salvador;BA;41750-125;fiscal@homedoctor.com.br;0;T;;;;14.621,56;0,00;421;3,00;438,65;0,00;N;0,00;0,00;0,00;0,00;0,00;2;15.011.651/0001-54;;;BRADESCO SAUDE - OPERADORA DE PLANOS S/A;;AV PAULISTA;1450;AND. 10 T PTA NA. SEC;BELA VISTA;São Paulo;SP;01310-917;DEPENDENCIA@BRADESCOSEGUROS.COM.BR;HONORARIOS DE SERVICOS MEDICOS
2;8661;30/07/2026 15:51:22;FS3X46PD;RPS;1;8648;30/07/2026 ;00.271.122/001-86;2;07.766.008/0001-02;BAHIA HOME CARE SERVICOS MEDICOS DOMICILIARES LTDA;Rua;Professor Ronald Gonçalves dos Santos;38;;ARMAÇÃO;Salvador;BA;41750-125;fiscal@homedoctor.com.br;0;T;;;;733.614,57;0,00;421;3,00;22.008,44;0,00;N;4.768,49;22.008,44;0,00;11.004,22;7.336,15;2;39.427.632/0001-71;;;ASSOCIAÇÃO PETROBRAS DE SAÚDE;AV;República do Chile;65;SAL 302 - CENTRO;Centro;Rio de Janeiro;RJ;20031-170;paulo.barbosa@saudepetrobras.com.br;HONORARIOS DE SERVICOS MEDICOS
2;8660;28/07/2026 16:00:19;XSJNPMUQ;RPS;1;8647;28/07/2026 ;00.271.122/001-86;2;07.766.008/0001-02;BAHIA HOME CARE SERVICOS MEDICOS DOMICILIARES LTDA;Rua;Professor Ronald Gonçalves dos Santos;38;;ARMAÇÃO;Salvador;BA;41750-125;fiscal@homedoctor.com.br;0;T;;;;8,80;0,00;421;3,00;0,26;0,00;N;0,06;0,26;0,00;0,13;0,09;2;02.812.468/0001-06;;;CENTRAL NACIONAL UNIMED - COOPERATIVA CENTRA;R;Frei Caneca;1355;Andar 8 9 10 11 1214 15 16;Consolação;São Paulo;SP;01307-003;eq.tributaria@centralnacionalunimed.com.br;Honorarios de servicos medicos
2;8659;28/07/2026 15:51:46;FPJDF6EJ;RPS;1;8646;28/07/2026 ;00.271.122/001-86;2;07.766.008/0001-02;BAHIA HOME CARE SERVICOS MEDICOS DOMICILIARES LTDA;Rua;Professor Ronald Gonçalves dos Santos;38;;ARMAÇÃO;Salvador;BA;41750-125;fiscal@homedoctor.com.br;0;T;;;;83.120,34;0,00;421;3,00;2.493,61;0,00;N;540,28;2.493,61;0,00;1.246,81;831,20;2;02.812.468/0001-06;;;CENTRAL NACIONAL UNIMED - COOPERATIVA CENTRA;R;Frei Caneca;1355;Andar 8 9 10 11 1214 15 16;Consolação;São Paulo;SP;01307-003;eq.tributaria@centralnacionalunimed.com.br;Honorarios de servicos medicos
2;8658;28/07/2026 09:31:41;NLDM1HVC;RPS;1;8645;28/07/2026 ;00.271.122/001-86;2;07.766.008/0001-02;BAHIA HOME CARE SERVICOS MEDICOS DOMICILIARES LTDA;Rua;Professor Ronald Gonçalves dos Santos;38;;ARMAÇÃO;Salvador;BA;41750-125;fiscal@homedoctor.com.br;0;T;;;;27.152,57;0,00;421;3,00;814,58;0,00;N;0,00;0,00;0,00;0,00;0,00;2;92.693.118/0001-60;;;BRADESCO SAUDE S/A;AV;Rio de Janeiro;555;19º andar;Caju;Rio de Janeiro;RJ;20931-675;contfiscal@bradescoseguros.com.br;HONORARIOS DE SERVICOS MEDICOS
2;8657;27/07/2026 17:28:53;XDY6LTI5;RPS;1;8644;27/07/2026 ;00.271.122/001-86;2;07.766.008/0001-02;BAHIA HOME CARE SERVICOS MEDICOS DOMICILIARES LTDA;Rua;Professor Ronald Gonçalves dos Santos;38;;ARMAÇÃO;Salvador;BA;41750-125;fiscal@homedoctor.com.br;0;T;;;;1.511,36;0,00;421;3,00;45,34;0,00;N;0,00;0,00;0,00;0,00;0,00;2;15.011.651/0001-54;;;BRADESCO SAUDE - OPERADORA DE PLANOS S/A;;AV PAULISTA;1450;AND. 10 T PTA NA. SEC;BELA VISTA;São Paulo;SP;01310-917;DEPENDENCIA@BRADESCOSEGUROS.COM.BR;HONORARIOS DE SERVICOS MEDICOS
2;8656;27/07/2026 17:24:26;6GXBJFHQ;RPS;1;8643;27/07/2026 ;00.271.122/001-86;2;07.766.008/0001-02;BAHIA HOME CARE SERVICOS MEDICOS DOMICILIARES LTDA;Rua;Professor Ronald Gonçalves dos Santos;38;;ARMAÇÃO;Salvador;BA;41750-125;fiscal@homedoctor.com.br;0;T;;;;194.037,67;0,00;421;3,00;5.821,13;0,00;N;0,00;0,00;0,00;0,00;0,00;2;92.693.118/0001-60;;;BRADESCO SAUDE S/A;AV;Rio de Janeiro;555;19º andar;Caju;Rio de Janeiro;RJ;20931-675;contfiscal@bradescoseguros.com.br;HONORARIOS DE SERVICOS MEDICOS
2;8655;24/07/2026 15:33:19;VRACQ3HN;RPS;1;8642;24/07/2026 ;00.271.122/001-86;2;07.766.008/0001-02;BAHIA HOME CARE SERVICOS MEDICOS DOMICILIARES LTDA;Rua;Professor Ronald Gonçalves dos Santos;38;;ARMAÇÃO;Salvador;BA;41750-125;fiscal@homedoctor.com.br;0;T;;;;11.736,34;0,00;421;3,00;352,09;0,00;N;0,00;0,00;0,00;0,00;0,00;2;15.011.651/0001-54;;;BRADESCO SAUDE - OPERADORA DE PLANOS S/A;;AV PAULISTA;1450;AND. 10 T PTA NA. SEC;BELA VISTA;São Paulo;SP;01310-917;DEPENDENCIA@BRADESCOSEGUROS.COM.BR;HONORARIOS DE SERVICOS MEDICOS
2;8654;24/07/2026 15:23:37;3GHDN4XR;RPS;1;8641;24/07/2026 ;00.271.122/001-86;2;07.766.008/0001-02;BAHIA HOME CARE SERVICOS MEDICOS DOMICILIARES LTDA;Rua;Professor Ronald Gonçalves dos Santos;38;;ARMAÇÃO;Salvador;BA;41750-125;fiscal@homedoctor.com.br;0;T;;;;217.809,17;0,00;421;3,00;6.534,28;0,00;N;0,00;0,00;0,00;0,00;0,00;2;92.693.118/0001-60;;;BRADESCO SAUDE S/A;AV;Rio de Janeiro;555;19º andar;Caju;Rio de Janeiro;RJ;20931-675;contfiscal@bradescoseguros.com.br;HONORARIOS DE SERVICOS MEDICOS
2;8653;23/07/2026 09:52:16;CJ9VICRH;RPS;1;8638;23/07/2026 ;00.271.122/001-86;2;07.766.008/0001-02;BAHIA HOME CARE SERVICOS MEDICOS DOMICILIARES LTDA;Rua;Professor Ronald Gonçalves dos Santos;38;;ARMAÇÃO;Salvador;BA;41750-125;fiscal@homedoctor.com.br;0;T;;;;29.890,93;0,00;421;3,00;896,73;0,00;S;194,29;0,00;0,00;448,36;298,91;2;13.100.755/0001-00;00.174.607/001-84;;ASSOCIACAO DOS PROFESSORES UNIVERSITARIOS DA BAHIA - APUB SAUDE;Ave;Antônio Carlos Magalhães;3213;SALA  405 406 407 E408;BROTAS;Salvador;BA;40280-901;faturamento@apubsaude.com.br;HONORARIOS DE SERVICOS MEDICOS
2;8652;23/07/2026 09:38:16;BLCUUURH;RPS;1;8637;23/07/2026 ;00.271.122/001-86;2;07.766.008/0001-02;BAHIA HOME CARE SERVICOS MEDICOS DOMICILIARES LTDA;Rua;Professor Ronald Gonçalves dos Santos;38;;ARMAÇÃO;Salvador;BA;41750-125;fiscal@homedoctor.com.br;0;C;23/07/2026 ;;;29.890,93;0,00;421;3,00;896,73;0,00;S;194,29;0,00;0,00;0,00;298,91;2;13.100.755/0001-00;00.174.607/001-84;;ASSOCIACAO DOS PROFESSORES UNIVERSITARIOS DA BAHIA - APUB SAUDE;Ave;Antônio Carlos Magalhães;3213;SALA  405 406 407 E408;BROTAS;Salvador;BA;40280-901;faturamento@apubsaude.com.br;HONORARIOS DE SERVICOS MEDICOS
2;8651;23/07/2026 09:16:29;WF2PSDAE;RPS;1;8636;23/07/2026 ;00.271.122/001-86;2;07.766.008/0001-02;BAHIA HOME CARE SERVICOS MEDICOS DOMICILIARES LTDA;Rua;Professor Ronald Gonçalves dos Santos;38;;ARMAÇÃO;Salvador;BA;41750-125;fiscal@homedoctor.com.br;0;C;23/07/2026 ;;;29.890,93;0,00;421;3,00;896,73;0,00;S;194,29;0,00;0,00;0,00;298,91;2;13.100.755/0001-00;00.174.607/001-84;;ASSOCIACAO DOS PROFESSORES UNIVERSITARIOS DA BAHIA - APUB SAUDE;Ave;Antônio Carlos Magalhães;3213;SALA  405 406 407 E408;BROTAS;Salvador;BA;40280-901;faturamento@apubsaude.com.br;HONORARIOS DE SERVICOS MEDICOS
2;8650;23/07/2026 08:07:47;6DBXFYBR;RPS;1;8635;23/07/2026 ;00.271.122/001-86;2;07.766.008/0001-02;BAHIA HOME CARE SERVICOS MEDICOS DOMICILIARES LTDA;Rua;Professor Ronald Gonçalves dos Santos;38;;ARMAÇÃO;Salvador;BA;41750-125;fiscal@homedoctor.com.br;0;C;23/07/2026 ;;;29.890,93;0,00;421;3,00;896,73;0,00;S;194,29;0,00;0,00;0,00;298,91;2;13.100.755/0001-00;00.174.607/001-84;;ASSOCIACAO DOS PROFESSORES UNIVERSITARIOS DA BAHIA - APUB SAUDE;Ave;Antônio Carlos Magalhães;3213;SALA  405 406 407 E408;BROTAS;Salvador;BA;40280-901;faturamento@apubsaude.com.br;HONORARIOS DE SERVICOS MEDICOS
2;8649;22/07/2026 15:42:47;SU8HHUUW;RPS;1;8634;22/07/2026 ;00.271.122/001-86;2;07.766.008/0001-02;BAHIA HOME CARE SERVICOS MEDICOS DOMICILIARES LTDA;Rua;Professor Ronald Gonçalves dos Santos;38;;ARMAÇÃO;Salvador;BA;41750-125;fiscal@homedoctor.com.br;0;T;;;;1.099,54;0,00;421;3,00;32,99;0,00;N;0,00;0,00;0,00;0,00;0,00;2;92.693.118/0001-60;;;BRADESCO SAUDE S/A;AV;Rio de Janeiro;555;19º andar;Caju;Rio de Janeiro;RJ;20931-675;contfiscal@bradescoseguros.com.br;HONORARIOS DE SERVICOS MEDICOS
2;8648;22/07/2026 08:15:03;DTJ2UK2U;RPS;1;8632;22/07/2026 ;00.271.122/001-86;2;07.766.008/0001-02;BAHIA HOME CARE SERVICOS MEDICOS DOMICILIARES LTDA;Rua;Professor Ronald Gonçalves dos Santos;38;;ARMAÇÃO;Salvador;BA;41750-125;fiscal@homedoctor.com.br;0;C;22/07/2026 ;;;1.000,00;0,00;421;3,00;30,00;0,00;S;0,00;0,00;0,00;12,00;0,00;2;05.816.630/0001-52;00.225.182/003-77;;FUNDO ESTADUAL DE SAUDE DO ESTADO DA BAHIA;Rua;Luís Viana Filho;S/N;LADO - B/4ª AVEN PLATAFORMA 06;PARALELA;Salvador;BA;41730-101;;TESTE
2;8647;21/07/2026 16:30:02;IEEF9VHD;RPS;;;;00.271.122/001-86;2;07.766.008/0001-02;BAHIA HOME CARE SERVICOS MEDICOS DOMICILIARES LTDA;Rua;Professor Ronald Gonçalves dos Santos;38;;ARMAÇÃO;Salvador;BA;41750-125;fiscal@homedoctor.com.br;0;T;;;;78.678,82;0,00;421;3,00;2.360,36;0,00;S;0,00;0,00;0,00;944,15;0,00;2;05.816.630/0001-52;00.225.182/002-94;;FUNDO ESTADUAL DE SAUDE DO ESTADO DA BAHIA;4ª;Centro Administrativo da Bahia;06;LADO B, 2º ANDAR;CENTRO ADMINISTRATIVO DA BAHIA;Salvador;BA;41745-002;;HONORARIOS DE SERVICOS MEDICOS|PROCESSO N°: 019.5120.2026.0099168-77|PRESTADOR: Bahia Home Care|CNPJ: 07.766.008/0001-02|OBJETO: Atendimento em Atenção Domiciliar|TERMO DE ADESÃO: 071/2024|VALOR: R$ 78.678,82|COMPETÊNCIA: RECURSO DE GLOSA FEV/2026|DADOS BANCARIOS: Banco do Brasil  AG 2976-9 C/C 108098-9
2;8646;21/07/2026 13:31:26;PXLFIJXM;RPS;1;8628;21/07/2026 ;00.271.122/001-86;2;07.766.008/0001-02;BAHIA HOME CARE SERVICOS MEDICOS DOMICILIARES LTDA;Rua;Professor Ronald Gonçalves dos Santos;38;;ARMAÇÃO;Salvador;BA;41750-125;fiscal@homedoctor.com.br;0;C;21/07/2026 ;;;78.678,82;0,00;421;3,00;2.360,36;0,00;S;0,00;0,00;0,00;0,00;0,00;2;05.816.630/0001-52;00.225.182/003-77;;FUNDO ESTADUAL DE SAUDE DO ESTADO DA BAHIA;Rua;Luís Viana Filho;S/N;LADO - B/4ª AVEN PLATAFORMA 06;PARALELA;Salvador;BA;41730-101;;HONORARIOS DE SERVICOS MEDICOS|PROCESSO N: 019.5120.2026.0099168-77|PRESTADOR: Bahia Home Care|CNPJ: 07.766.008/0001-02|OBJETO: Atendimento em Atencao Domiciliar|TERMO DE ADESAO: 071/2024|VALOR: R$ 78.678,82|COMPETENCIA: RECURSO DE GLOSA FEV/2026|DADOS BANCARIOS: Banco do Brasil  AG 2976-9 C/C 108098-9
2;8645;21/07/2026 11:21:12;XMSEMA5B;RPS;1;8627;21/07/2026 ;00.271.122/001-86;2;07.766.008/0001-02;BAHIA HOME CARE SERVICOS MEDICOS DOMICILIARES LTDA;Rua;Professor Ronald Gonçalves dos Santos;38;;ARMAÇÃO;Salvador;BA;41750-125;fiscal@homedoctor.com.br;0;T;;;;492.239,52;0,00;421;3,00;14.767,19;0,00;N;0,00;0,00;0,00;0,00;0,00;2;92.693.118/0001-60;;;BRADESCO SAUDE S/A;AV;Rio de Janeiro;555;19º andar;Caju;Rio de Janeiro;RJ;20931-675;contfiscal@bradescoseguros.com.br;HONORARIOS DE SERVICOS MEDICOS
2;8644;21/07/2026 10:25:31;UZJMGMKL;RPS;;;;00.271.122/001-86;2;07.766.008/0001-02;BAHIA HOME CARE SERVICOS MEDICOS DOMICILIARES LTDA;Rua;Professor Ronald Gonçalves dos Santos;38;;ARMAÇÃO;Salvador;BA;41750-125;fiscal@homedoctor.com.br;0;T;;;;9.940,94;0,00;421;3,00;298,23;0,00;N;64,62;298,23;0,00;149,11;99,41;2;02.866.602/0001-51;;;SUL AMERICA PARANA CLINICAS SERVICOS DE SAUDE S.A.;ALA;SANTOS;2101;ANDAR 4;CERQUEIRA CESAR;São Paulo;SP;01419-911;SOCIETARIO.SUGOC@SULAMERICA.COM.BR;HONORARIOS DE SERVIÇOS MÉDICOS
2;8643;21/07/2026 10:24:06;PDCX545E;RPS;;;;00.271.122/001-86;2;07.766.008/0001-02;BAHIA HOME CARE SERVICOS MEDICOS DOMICILIARES LTDA;Rua;Professor Ronald Gonçalves dos Santos;38;;ARMAÇÃO;Salvador;BA;41750-125;fiscal@homedoctor.com.br;0;T;;;;158.411,77;0,00;421;3,00;4.752,35;0,00;N;1.029,68;4.752,35;0,00;2.376,18;1.584,12;2;01.685.053/0005-80;00.136.826/001-20;;SUL AMERICA COMPANHIA DE SEGURO SAUDE;Ave;Tancredo Neves;000450;SALA 2301 E 2302 EDIF SUAREZ T;CAMINHO DAS ÁRVORES;Salvador;BA;41820-901;nfs-e.iss@sulamerica.com;HONORARIOS DE SERVIÇOS MÉDICOSS
2;8642;21/07/2026 10:07:45;GDYQRRJH;RPS;;;;00.271.122/001-86;2;07.766.008/0001-02;BAHIA HOME CARE SERVICOS MEDICOS DOMICILIARES LTDA;Rua;Professor Ronald Gonçalves dos Santos;38;;ARMAÇÃO;Salvador;BA;41750-125;fiscal@homedoctor.com.br;0;T;;;;379.678,83;0,00;421;3,00;11.390,36;0,00;N;2.467,91;11.390,36;0,00;5.695,18;3.796,79;2;01.685.053/0005-80;00.136.826/001-20;;SUL AMERICA COMPANHIA DE SEGURO SAUDE;Ave;Tancredo Neves;000450;SALA 2301 E 2302 EDIF SUAREZ T;CAMINHO DAS ÁRVORES;Salvador;BA;41820-901;nfs-e.iss@sulamerica.com;HONORARIOS DE SERVIÇOS MÉDICO
2;8641;20/07/2026 16:10:35;6XSIUZWJ;RPS;;;;00.271.122/001-86;2;07.766.008/0001-02;BAHIA HOME CARE SERVICOS MEDICOS DOMICILIARES LTDA;Rua;Professor Ronald Gonçalves dos Santos;38;;ARMAÇÃO;Salvador;BA;41750-125;fiscal@homedoctor.com.br;0;T;;;;46.228,85;0,00;421;3,00;1.386,87;0,00;N;300,49;1.386,87;0,00;693,43;462,29;2;04.487.255/0001-81;;;UNIMED SEGUROS SAUDE S/A;ALA;MIN ROCHA AZEVEDO;346;EDIF  SEGUROS             ANDA;CERQUEIRA CESAR;São Paulo;SP;01410-901;GESTAOTRIBUTARIA@SEGUROSUNIMED.COM.BR;HONORARIOS DE SERVICOS MEDICOS
2;8640;20/07/2026 16:09:15;77VHIDTS;RPS;;;;00.271.122/001-86;2;07.766.008/0001-02;BAHIA HOME CARE SERVICOS MEDICOS DOMICILIARES LTDA;Rua;Professor Ronald Gonçalves dos Santos;38;;ARMAÇÃO;Salvador;BA;41750-125;fiscal@homedoctor.com.br;0;T;;;;11.751,22;0,00;421;3,00;352,54;0,00;N;76,38;352,54;0,00;176,27;117,51;2;04.487.255/0001-81;;;UNIMED SEGUROS SAUDE S/A;ALA;MIN ROCHA AZEVEDO;346;EDIF  SEGUROS             ANDA;CERQUEIRA CESAR;São Paulo;SP;01410-901;GESTAOTRIBUTARIA@SEGUROSUNIMED.COM.BR;HONORARIOS DE SERVICOS MEDICOS
2;8639;20/07/2026 16:08:04;8G8DV2EJ;RPS;;;;00.271.122/001-86;2;07.766.008/0001-02;BAHIA HOME CARE SERVICOS MEDICOS DOMICILIARES LTDA;Rua;Professor Ronald Gonçalves dos Santos;38;;ARMAÇÃO;Salvador;BA;41750-125;fiscal@homedoctor.com.br;0;T;;;;156.507,17;0,00;421;3,00;4.695,22;0,00;N;1.017,30;4.695,22;0,00;2.347,61;1.565,07;2;04.487.255/0001-81;;;UNIMED SEGUROS SAUDE S/A;ALA;MIN ROCHA AZEVEDO;346;EDIF  SEGUROS             ANDA;CERQUEIRA CESAR;São Paulo;SP;01410-901;GESTAOTRIBUTARIA@SEGUROSUNIMED.COM.BR;HONORARIOS DE SERVICOS MEDICOS
2;8638;20/07/2026 16:05:38;GEPH66DK;RPS;;;;00.271.122/001-86;2;07.766.008/0001-02;BAHIA HOME CARE SERVICOS MEDICOS DOMICILIARES LTDA;Rua;Professor Ronald Gonçalves dos Santos;38;;ARMAÇÃO;Salvador;BA;41750-125;fiscal@homedoctor.com.br;0;T;;;;4.993,95;0,00;421;3,00;149,82;0,00;N;32,46;149,82;0,00;74,91;49,94;2;04.487.255/0001-81;;;UNIMED SEGUROS SAUDE S/A;ALA;MIN ROCHA AZEVEDO;346;EDIF  SEGUROS             ANDA;CERQUEIRA CESAR;São Paulo;SP;01410-901;GESTAOTRIBUTARIA@SEGUROSUNIMED.COM.BR;HONORARIOS DE SERVICOS MEDICOS
2;8637;20/07/2026 16:03:44;97MIHTUB;RPS;;;;00.271.122/001-86;2;07.766.008/0001-02;BAHIA HOME CARE SERVICOS MEDICOS DOMICILIARES LTDA;Rua;Professor Ronald Gonçalves dos Santos;38;;ARMAÇÃO;Salvador;BA;41750-125;fiscal@homedoctor.com.br;0;T;;;;13.151,84;0,00;421;3,00;394,56;0,00;N;85,49;394,56;0,00;197,28;131,52;2;04.487.255/0001-81;;;UNIMED SEGUROS SAUDE S/A;ALA;MIN ROCHA AZEVEDO;346;EDIF  SEGUROS             ANDA;CERQUEIRA CESAR;São Paulo;SP;01410-901;GESTAOTRIBUTARIA@SEGUROSUNIMED.COM.BR;HONORARIOS DE SERVICOS MEDICOS
2;8636;20/07/2026 15:56:21;CL5QN9XL;RPS;1;8620;20/07/2026 ;00.271.122/001-86;2;07.766.008/0001-02;BAHIA HOME CARE SERVICOS MEDICOS DOMICILIARES LTDA;Rua;Professor Ronald Gonçalves dos Santos;38;;ARMAÇÃO;Salvador;BA;41750-125;fiscal@homedoctor.com.br;0;T;;;;170.214,41;0,00;421;3,00;5.106,43;0,00;N;0,00;0,00;0,00;0,00;0,00;2;15.011.651/0001-54;;;BRADESCO SAUDE - OPERADORA DE PLANOS S/A;;AV PAULISTA;1450;AND. 10 T PTA NA. SEC;BELA VISTA;São Paulo;SP;01310-917;DEPENDENCIA@BRADESCOSEGUROS.COM.BR;Honorarios de servicos medicos
2;8635;20/07/2026 15:51:25;BHLZRJXE;RPS;1;8619;20/07/2026 ;00.271.122/001-86;2;07.766.008/0001-02;BAHIA HOME CARE SERVICOS MEDICOS DOMICILIARES LTDA;Rua;Professor Ronald Gonçalves dos Santos;38;;ARMAÇÃO;Salvador;BA;41750-125;fiscal@homedoctor.com.br;0;T;;;;60.826,62;0,00;421;3,00;1.824,80;0,00;N;0,00;0,00;0,00;0,00;0,00;2;92.693.118/0001-60;;;BRADESCO SAUDE S/A;AV;Rio de Janeiro;555;19º andar;Caju;Rio de Janeiro;RJ;20931-675;contfiscal@bradescoseguros.com.br;HONORARIOS DE SERVICOS MEDICOS
2;8634;20/07/2026 13:55:15;WIITKXFZ;RPS;1;8616;17/07/2026 ;00.271.122/001-86;2;07.766.008/0001-02;BAHIA HOME CARE SERVICOS MEDICOS DOMICILIARES LTDA;Rua;Professor Ronald Gonçalves dos Santos;38;;ARMAÇÃO;Salvador;BA;41750-125;fiscal@homedoctor.com.br;0;T;;;;1.421,64;0,00;421;3,00;42,65;0,00;N;0,00;0,00;0,00;0,00;0,00;2;92.693.118/0001-60;;;BRADESCO SAUDE S/A;AV;Rio de Janeiro;555;19º andar;Caju;Rio de Janeiro;RJ;20931-675;contfiscal@bradescoseguros.com.br;HONORARIOS DE SERVICOS MEDICOS
2;8633;20/07/2026 13:41:09;MP5GXTS2;RPS;1;8618;20/07/2026 ;00.271.122/001-86;2;07.766.008/0001-02;BAHIA HOME CARE SERVICOS MEDICOS DOMICILIARES LTDA;Rua;Professor Ronald Gonçalves dos Santos;38;;ARMAÇÃO;Salvador;BA;41750-125;fiscal@homedoctor.com.br;0;T;;;;53.067,41;0,00;421;3,00;1.592,02;0,00;N;0,00;0,00;0,00;0,00;0,00;2;92.693.118/0001-60;;;BRADESCO SAUDE S/A;AV;Rio de Janeiro;555;19º andar;Caju;Rio de Janeiro;RJ;20931-675;contfiscal@bradescoseguros.com.br;HONORARIOS DE SERVICOS MEDICOS
2;8632;20/07/2026 13:40:32;PS5HGBTV;RPS;1;8617;20/07/2026 ;00.271.122/001-86;2;07.766.008/0001-02;BAHIA HOME CARE SERVICOS MEDICOS DOMICILIARES LTDA;Rua;Professor Ronald Gonçalves dos Santos;38;;ARMAÇÃO;Salvador;BA;41750-125;fiscal@homedoctor.com.br;0;C;20/07/2026 ;;;7.888,97;0,00;421;3,00;236,67;0,00;S;51,28;236,67;0,00;0,00;78,89;2;00.628.107/0010-70;00.165.511/001-14;;FUNDAÇÃO ASSISTENCIAL DOS SERVIDORES DO MINISTÉRIO DA FAZENDA;Ave;Estados Unidos;528;8º ANDAR;COMÉRCIO;Salvador;BA;40010-020;contabilidade1.ba@assefaz.org.br;HONORARIOS DE SERVICOS MEDICOS
2;8631;20/07/2026 09:28:08;ESGTPB4X;RPS;;;;00.271.122/001-86;2;07.766.008/0001-02;BAHIA HOME CARE SERVICOS MEDICOS DOMICILIARES LTDA;Rua;Professor Ronald Gonçalves dos Santos;38;;ARMAÇÃO;Salvador;BA;41750-125;fiscal@homedoctor.com.br;0;T;;5212477;;7.888,97;0,00;421;3,00;236,67;0,00;S;51,28;236,67;0,00;118,33;78,89;2;00.628.107/0010-70;00.165.511/001-14;;FUNDAÇÃO ASSISTENCIAL DOS SERVIDORES DO MINISTÉRIO DA FAZENDA;Ave;Estados Unidos;528;8º ANDAR;COMÉRCIO;Salvador;BA;40010-020;;Honorários de Serviços médicos
2;8630;17/07/2026 09:36:27;BIHSJDWR;RPS;;;;00.271.122/001-86;2;07.766.008/0001-02;BAHIA HOME CARE SERVICOS MEDICOS DOMICILIARES LTDA;Rua;Professor Ronald Gonçalves dos Santos;38;;ARMAÇÃO;Salvador;BA;41750-125;fiscal@homedoctor.com.br;0;T;;;;55.816,46;0,00;421;3,00;1.674,49;0,00;N;362,81;1.674,49;0,00;837,25;558,16;2;18.275.071/0001-62;;;POSTAL SAUDE - CAIXA DE ASSISTENCIA E SAUDE DOS EMPREGADOS DOS CORREIOS;SET;SH/S QD 02 BLOCO B;02;ANDAR 1                   ANDA;ASA SUL;Brasília;DF;70312-970;IMPOSTO@POSTALSAUDE.COM.BR;Honorários de Serviços médicos
2;8629;17/07/2026 09:33:18;MBAVHSJI;RPS;;;;00.271.122/001-86;2;07.766.008/0001-02;BAHIA HOME CARE SERVICOS MEDICOS DOMICILIARES LTDA;Rua;Professor Ronald Gonçalves dos Santos;38;;ARMAÇÃO;Salvador;BA;41750-125;fiscal@homedoctor.com.br;0;T;;;;48.484,88;0,00;421;3,00;1.454,55;0,00;N;315,15;1.454,55;0,00;727,27;484,85;2;03.033.006/0001-53;;;CAIXA DE ASSISTENCIA OSWALDO CRUZ;AVE;BRASIL;4036;SALAS 300 A 318;MANGUINHOS;Rio de Janeiro;RJ;21040-361;;Honorários de Serviços médicos
2;8628;17/07/2026 09:24:13;LSGIFK29;RPS;;;;00.271.122/001-86;2;07.766.008/0001-02;BAHIA HOME CARE SERVICOS MEDICOS DOMICILIARES LTDA;Rua;Professor Ronald Gonçalves dos Santos;38;;ARMAÇÃO;Salvador;BA;41750-125;fiscal@homedoctor.com.br;0;T;;;;56.970,01;0,00;421;3,00;1.709,10;0,00;S;370,31;1.709,10;0,00;854,55;569,70;2;30.036.685/0004-30;00.073.015/001-82;;CAIXA DE PREVIDENCIA E ASSISTENCIA DOS SERVIDORES DA FUNDACAO NACIONAL DE SAUDE;Ave;Tancredo Neves;1543;EDIF  GARCIA D AVILA      SALA;CAMINHO DAS ÁRVORES;Salvador;BA;41820-021;;Honorários de Serviços médicos
2;8627;17/07/2026 09:08:40;DZKFFTQP;RPS;;;;00.271.122/001-86;2;07.766.008/0001-02;BAHIA HOME CARE SERVICOS MEDICOS DOMICILIARES LTDA;Rua;Professor Ronald Gonçalves dos Santos;38;;ARMAÇÃO;Salvador;BA;41750-125;fiscal@homedoctor.com.br;0;T;;;;3.694,60;0,00;421;3,00;110,84;0,00;N;24,01;110,84;0,00;55,42;36,95;2;29.309.127/0001-79;;;AMIL ASSISTENCIA MEDICA INTERNACIONAL S.A.;AVE;DR CHUCRI ZAIDAN;S/N;EDIF  TR. B EMP. EZ TOWERSANDA;VILA SAO FRANCISCO (ZONA SUL);São Paulo;SP;04711-130;LEGALIZACAOBR@UHGBRASIL.COM.BR;Honorários de serviços médicos
2;8626;17/07/2026 09:05:37;UVFKY5RP;RPS;;;;00.271.122/001-86;2;07.766.008/0001-02;BAHIA HOME CARE SERVICOS MEDICOS DOMICILIARES LTDA;Rua;Professor Ronald Gonçalves dos Santos;38;;ARMAÇÃO;Salvador;BA;41750-125;fiscal@homedoctor.com.br;0;C;21/07/2026 ;;;78.678,82;0,00;421;3,00;2.360,36;0,00;S;511,41;2.360,36;0,00;944,15;786,79;2;05.816.630/0001-52;00.225.182/002-94;;FUNDO ESTADUAL DE SAUDE DO ESTADO DA BAHIA;4ª;Centro Administrativo da Bahia;06;LADO B, 2º ANDAR;CENTRO ADMINISTRATIVO DA BAHIA;Salvador;BA;41745-002;;HONORARIOS DE SERVICOS MEDICOS|PROCESSO N°: 019.5120.2026.0099168-77|PRESTADOR: Bahia Home Care|CNPJ: 07.766.008/0001-02|OBJETO: Atendimento em Atenção Domiciliar|TERMO DE ADESÃO: 071/2024|VALOR: R$ 78.678,82|COMPETÊNCIA: RECURSO DE GLOSA FEV/2026|DADOS BANCARIOS: Banco do Brasil  AG 2976-9 C/C 108098-9
2;8625;15/07/2026 15:47:39;YGBMAIZ8;RPS;;;;00.271.122/001-86;2;07.766.008/0001-02;BAHIA HOME CARE SERVICOS MEDICOS DOMICILIARES LTDA;Rua;Professor Ronald Gonçalves dos Santos;38;;ARMAÇÃO;Salvador;BA;41750-125;fiscal@homedoctor.com.br;0;T;;;;2.789,01;0,00;421;3,00;83,67;0,00;N;0,00;0,00;0,00;0,00;0,00;2;04.540.010/0001-70;;;PORTO SEGURO - SEGURO SAUDE S/A;ALA;BR DE PIRACICABA;740;BLOCO TORRE B             ANDA;CAMPOS ELISEOS;São Paulo;SP;01216-012;ARQ.EXP@PORTOSEGURO.COM.BR;HONORARIOS DE SERVICOS MEDICOS|PROTOCOLO: 20339048|DATA DE VENCIMENTO: 25/08/2026
2;8624;15/07/2026 15:47:08;WFHQSNUV;RPS;;;;00.271.122/001-86;2;07.766.008/0001-02;BAHIA HOME CARE SERVICOS MEDICOS DOMICILIARES LTDA;Rua;Professor Ronald Gonçalves dos Santos;38;;ARMAÇÃO;Salvador;BA;41750-125;fiscal@homedoctor.com.br;0;T;;;;33.249,14;0,00;421;3,00;997,47;0,00;N;0,00;0,00;0,00;0,00;0,00;2;04.540.010/0001-70;;;PORTO SEGURO - SEGURO SAUDE S/A;ALA;BR DE PIRACICABA;740;BLOCO TORRE B             ANDA;CAMPOS ELISEOS;São Paulo;SP;01216-012;ARQ.EXP@PORTOSEGURO.COM.BR;HONORARIOS DE SERVICOS MEDICOS|PROTOCOLO: 20347813|DATA DE VENCIMENTO: 25/08/2026
2;8623;15/07/2026 13:48:42;PV8VSYC8;RPS;;;;00.271.122/001-86;2;07.766.008/0001-02;BAHIA HOME CARE SERVICOS MEDICOS DOMICILIARES LTDA;Rua;Professor Ronald Gonçalves dos Santos;38;;ARMAÇÃO;Salvador;BA;41750-125;fiscal@homedoctor.com.br;0;T;;;;64.474,38;0,00;421;3,00;1.934,23;0,00;N;0,00;0,00;0,00;0,00;0,00;2;97.388.490/0001-87;;;UNIMED COSTA DO DESCOBRIMENTO COOPERATIVA DE TRABALHO MEDICO;RUA;PADRE JOAO GUALBERTO;765;;VIVENDAS COSTA AZUL;Eunápolis;BA;45820-645;CONTABILIDADE@UNIMEDCD.COOP.BR;HONORÁRIOS E SERVIÇOS MÉDICOS PRESTADOS||PERIODO: 26/03/2026 a 31/03/2026 e 01/06/2026 a 30/06/2026|PACIENTE: Camilo Caraccioli Souza Valenzuela e Jose Antonio Lopes Neto
2;8622;15/07/2026 09:19:18;2XGPPKML;RPS;;;;00.271.122/001-86;2;07.766.008/0001-02;BAHIA HOME CARE SERVICOS MEDICOS DOMICILIARES LTDA;Rua;Professor Ronald Gonçalves dos Santos;38;;ARMAÇÃO;Salvador;BA;41750-125;fiscal@homedoctor.com.br;0;T;;;;25.379,00;0,00;421;3,00;761,37;0,00;N;164,96;761,37;0,00;380,69;253,79;2;41.077.489/0001-87;;;AMPLA PLANOS DE SAUDE LTDA;ALA;RIO NEGRO;500;BLOCO 1                   ANDA;ALPHAVILLE CENTRO INDUSTRIAL E;Barueri;SP;06454-000;CORPORATIVO@AMPLASAUDE.COM;HONORARIOS DE SERVICOS MEDICOS|PACIENTE: GABRIELLA FARIAS GOMES|PERÍODO: 20/05/26 A 19/06/26|Banco: 341 - Itaú|Agência: 3214|CC: 15191-6
2;8621;14/07/2026 14:30:33;U4IYHCIG;RPS;;;;00.271.122/001-86;2;07.766.008/0001-02;BAHIA HOME CARE SERVICOS MEDICOS DOMICILIARES LTDA;Rua;Professor Ronald Gonçalves dos Santos;38;;ARMAÇÃO;Salvador;BA;41750-125;fiscal@homedoctor.com.br;0;T;;;;1.782,90;0,00;421;3,00;53,49;0,00;N;0,00;0,00;0,00;0,00;0,00;2;63.554.067/0046-90;;;HAPVIDA ASSISTENCIA MEDICA S.A.;AVE;PRESIDENTE GETULIO VARGAS;300;;SERRARIA;Maceió;AL;57046-140;FISCAL@HAPVIDA.COM.BR;HONORÁRIOS E SERVIÇOS MÉDICOS Vencimento - 31/07/2026
2;8620;14/07/2026 09:30:01;NN5K4FQ5;RPS;;;;00.271.122/001-86;2;07.766.008/0001-02;BAHIA HOME CARE SERVICOS MEDICOS DOMICILIARES LTDA;Rua;Professor Ronald Gonçalves dos Santos;38;;ARMAÇÃO;Salvador;BA;41750-125;fiscal@homedoctor.com.br;0;T;;;;657,45;0,00;421;3,00;19,72;0,00;N;4,27;19,72;0,00;9,86;6,57;2;03.657.699/0001-55;;;SINDIFISCO NACIONAL - SIND. NAC. DOS AUD. FISCAIS DA RECEITA FEDERAL DO BRASIL;R;SDS  CONJUNTO BARACAT;S/N;SALAS 1/11;ASA SUL;Brasília;DF;70392-900;;HONORARIOS DE SERVICOS MEDICOS|DATA DE VENCIMENTO: 17/08/2026
2;8619;10/07/2026 12:07:20;LQ1X6YIM;RPS;1;8603;10/07/2026 ;00.271.122/001-86;2;07.766.008/0001-02;BAHIA HOME CARE SERVICOS MEDICOS DOMICILIARES LTDA;Rua;Professor Ronald Gonçalves dos Santos;38;;ARMAÇÃO;Salvador;BA;41750-125;fiscal@homedoctor.com.br;0;T;;;;31.796,88;0,00;421;3,00;953,91;0,00;N;206,68;953,91;0,00;476,95;317,97;2;03.657.699/0001-55;;;SINDIFISCO NACIONAL SIND NAC DOS AUD FISCAIS;;SDS CONJUNTO BARACAT SN;SN;SALAS 1-11;ASA SUL;Brasília;DF;70392-900;fiscal@unafiscosaude.org.br;HONORARIOS DE SERVICOS MEDICOS DATA DE VENCIMENTO: 17/08/2026
2;8618;10/07/2026 10:45:30;9KPLWIPB;RPS;1;8601;10/07/2026 ;00.271.122/001-86;2;07.766.008/0001-02;BAHIA HOME CARE SERVICOS MEDICOS DOMICILIARES LTDA;Rua;Professor Ronald Gonçalves dos Santos;38;;ARMAÇÃO;Salvador;BA;41750-125;fiscal@homedoctor.com.br;0;T;;;;271.883,79;0,00;421;3,00;8.156,51;0,00;N;0,00;0,00;0,00;0,00;0,00;2;92.693.118/0001-60;;;BRADESCO SAUDE S/A;AV;Rio de Janeiro;555;19º andar;Caju;Rio de Janeiro;RJ;20931-675;contfiscal@bradescoseguros.com.br;HONORARIOS DE SERVICOS MEDICOS
2;8617;10/07/2026 10:45:30;CUVJVZ5F;RPS;1;8600;10/07/2026 ;00.271.122/001-86;2;07.766.008/0001-02;BAHIA HOME CARE SERVICOS MEDICOS DOMICILIARES LTDA;Rua;Professor Ronald Gonçalves dos Santos;38;;ARMAÇÃO;Salvador;BA;41750-125;fiscal@homedoctor.com.br;0;T;;;;40.955,59;0,00;421;3,00;1.228,67;0,00;N;0,00;0,00;0,00;0,00;0,00;2;92.693.118/0001-60;;;BRADESCO SAUDE S/A;AV;Rio de Janeiro;555;19º andar;Caju;Rio de Janeiro;RJ;20931-675;contfiscal@bradescoseguros.com.br;HONORARIOS DE SERVICOS MEDICOS
2;8616;08/07/2026 18:33:44;W8HAEFJK;RPS;;;;00.271.122/001-86;2;07.766.008/0001-02;BAHIA HOME CARE SERVICOS MEDICOS DOMICILIARES LTDA;Rua;Professor Ronald Gonçalves dos Santos;38;;ARMAÇÃO;Salvador;BA;41750-125;fiscal@homedoctor.com.br;0;T;;;;506.111,37;0,00;421;3,00;15.183,34;0,00;N;3.289,72;15.183,34;0,00;7.591,67;5.061,11;2;02.812.468/0001-06;;;UNIMED CNU - COOPERATIVA CENTRAL;RUA;FREI CANECA;1355;;CONSOLACAO;São Paulo;SP;01307-003;EQ.TRIBUTARIA@UNIMEDCNU.COOP.BR;HONORARIOS DE SERVIÇOS MÉDICOS
2;8615;08/07/2026 18:31:52;E4BG4AXJ;RPS;;;;00.271.122/001-86;2;07.766.008/0001-02;BAHIA HOME CARE SERVICOS MEDICOS DOMICILIARES LTDA;Rua;Professor Ronald Gonçalves dos Santos;38;;ARMAÇÃO;Salvador;BA;41750-125;fiscal@homedoctor.com.br;0;T;;;;95,37;0,00;421;3,00;2,86;0,00;N;0,62;2,86;0,00;1,43;0,95;2;02.812.468/0001-06;;;UNIMED CNU - COOPERATIVA CENTRAL;RUA;FREI CANECA;1355;;CONSOLACAO;São Paulo;SP;01307-003;EQ.TRIBUTARIA@UNIMEDCNU.COOP.BR;HONORARIOS DE SERVIÇOS MÉDICOS
2;8614;08/07/2026 18:30:31;FMJYFZUZ;RPS;;;;00.271.122/001-86;2;07.766.008/0001-02;BAHIA HOME CARE SERVICOS MEDICOS DOMICILIARES LTDA;Rua;Professor Ronald Gonçalves dos Santos;38;;ARMAÇÃO;Salvador;BA;41750-125;fiscal@homedoctor.com.br;0;T;;;;17.111,49;0,00;421;3,00;513,34;0,00;N;111,22;513,34;0,00;256,67;171,11;2;02.812.468/0001-06;;;UNIMED CNU - COOPERATIVA CENTRAL;RUA;FREI CANECA;1355;;CONSOLACAO;São Paulo;SP;01307-003;EQ.TRIBUTARIA@UNIMEDCNU.COOP.BR;HONORARIOS DE SERVIÇOS MÉDICOS
2;8613;08/07/2026 18:29:04;AEEC7K13;RPS;;;;00.271.122/001-86;2;07.766.008/0001-02;BAHIA HOME CARE SERVICOS MEDICOS DOMICILIARES LTDA;Rua;Professor Ronald Gonçalves dos Santos;38;;ARMAÇÃO;Salvador;BA;41750-125;fiscal@homedoctor.com.br;0;T;;;;2.633,71;0,00;421;3,00;79,01;0,00;N;17,12;79,01;0,00;39,51;26,34;2;02.812.468/0001-06;;;UNIMED CNU - COOPERATIVA CENTRAL;RUA;FREI CANECA;1355;;CONSOLACAO;São Paulo;SP;01307-003;EQ.TRIBUTARIA@UNIMEDCNU.COOP.BR;HONORARIOS DE SERVIÇOS MÉDICOS
2;8612;08/07/2026 10:41:32;YJVPJRDH;RPS;1;8595;08/07/2026 ;00.271.122/001-86;2;07.766.008/0001-02;BAHIA HOME CARE SERVICOS MEDICOS DOMICILIARES LTDA;Rua;Professor Ronald Gonçalves dos Santos;38;;ARMAÇÃO;Salvador;BA;41750-125;fiscal@homedoctor.com.br;0;T;;;;103.050,15;0,00;421;3,00;3.091,50;0,00;N;0,00;0,00;0,00;0,00;0,00;2;92.693.118/0001-60;;;BRADESCO SAUDE S/A;AV;Rio de Janeiro;555;19º andar;Caju;Rio de Janeiro;RJ;20931-675;contfiscal@bradescoseguros.com.br;HONORARIOS DE SERVICOS MEDICOS
2;8611;07/07/2026 18:51:13;KKL9NWWB;RPS;;;;00.271.122/001-86;2;07.766.008/0001-02;BAHIA HOME CARE SERVICOS MEDICOS DOMICILIARES LTDA;Rua;Professor Ronald Gonçalves dos Santos;38;;ARMAÇÃO;Salvador;BA;41750-125;fiscal@homedoctor.com.br;0;T;;;;17.334,00;0,00;421;3,00;520,02;0,00;S;112,67;520,02;0,00;260,01;173,34;2;15.215.452/0001-68;00.093.882/001-65;;CASSEB CAIXA DE ASSISTENCIA DOS EMPREGADOS DO BANEB;Rua;Metódio Coelho;133;1 AO 5 ANDAR;BROTAS;Salvador;BA;40279-120;notafiscal@casseb.com.br;HONORARIOS DE SERVICOS MEDICOS|PACIENTE: EDMUNDO B PINHEIRO|PERÍODO: 30/01/26 A 13/02/26|DATA DE VENCIMENTO: 31/07/2026|Banco: 341 - Itaú|Agência: 3214|CC: 15191-6
2;8610;07/07/2026 10:49:45;GHTR7ERP;RPS;;;;00.271.122/001-86;2;07.766.008/0001-02;BAHIA HOME CARE SERVICOS MEDICOS DOMICILIARES LTDA;Rua;Professor Ronald Gonçalves dos Santos;38;;ARMAÇÃO;Salvador;BA;41750-125;fiscal@homedoctor.com.br;0;C;14/07/2026 ;;;657,45;0,00;421;3,00;19,72;0,00;N;4,27;19,72;0,00;9,86;6,57;2;03.657.699/0001-55;;;SINDIFISCO NACIONAL - SIND. NAC. DOS AUD. FISCAIS DA RECEITA FEDERAL DO BRASIL;AL;SDS  CONJUNTO BARACAT;S/N;SALAS 1/11;ASA SUL;Brasília;DF;70392-900;;HONORARIOS DE SERVICOS MEDICOS||DATA DE VENCIMENTO: 17/08/2026
2;8609;07/07/2026 10:48:06;38DSTR7I;RPS;;;;00.271.122/001-86;2;07.766.008/0001-02;BAHIA HOME CARE SERVICOS MEDICOS DOMICILIARES LTDA;Rua;Professor Ronald Gonçalves dos Santos;38;;ARMAÇÃO;Salvador;BA;41750-125;fiscal@homedoctor.com.br;0;C;10/07/2026 ;;;31.796,88;0,00;421;3,00;953,91;0,00;N;206,68;953,91;0,00;476,95;317,97;2;03.657.699/0001-55;;;SINDIFISCO NACIONAL - SIND. NAC. DOS AUD. FISCAIS DA RECEITA FEDERAL DO BRASIL;AL;SDS  CONJUNTO BARACAT;S/N;SALAS 1/11;ASA SUL;Brasília;DF;70392-900;;HONORARIOS DE SERVICOS MEDICOS||DATA DE VENCIMENTO: 17/08/2026
2;8608;06/07/2026 15:18:42;CGJHLFSK;RPS;1;8591;06/07/2026 ;00.271.122/001-86;2;07.766.008/0001-02;BAHIA HOME CARE SERVICOS MEDICOS DOMICILIARES LTDA;Rua;Professor Ronald Gonçalves dos Santos;38;;ARMAÇÃO;Salvador;BA;41750-125;fiscal@homedoctor.com.br;0;T;;;;144.550,45;0,00;421;3,00;4.336,51;0,00;N;0,00;0,00;0,00;0,00;0,00;2;15.011.651/0001-54;;;BRADESCO SAUDE - OPERADORA DE PLANOS S/A;;AV PAULISTA;1450;AND. 10 T PTA NA. SEC;BELA VISTA;São Paulo;SP;01310-917;DEPENDENCIA@BRADESCOSEGUROS.COM.BR;HONORARIOS DE SERVICOS MEDICOS
2;8607;06/07/2026 15:18:42;VWILREGY;RPS;1;8590;06/07/2026 ;00.271.122/001-86;2;07.766.008/0001-02;BAHIA HOME CARE SERVICOS MEDICOS DOMICILIARES LTDA;Rua;Professor Ronald Gonçalves dos Santos;38;;ARMAÇÃO;Salvador;BA;41750-125;fiscal@homedoctor.com.br;0;T;;;;10.818,40;0,00;421;3,00;324,55;0,00;N;0,00;0,00;0,00;0,00;0,00;2;92.693.118/0001-60;;;BRADESCO SAUDE S/A;AV;Rio de Janeiro;555;19º andar;Caju;Rio de Janeiro;RJ;20931-675;contfiscal@bradescoseguros.com.br;HONORARIOS DE SERVICOS MEDICOS
2;8606;06/07/2026 09:31:26;QBWHMNVH;RPS;1;8589;06/07/2026 ;00.271.122/001-86;2;07.766.008/0001-02;BAHIA HOME CARE SERVICOS MEDICOS DOMICILIARES LTDA;Rua;Professor Ronald Gonçalves dos Santos;38;;ARMAÇÃO;Salvador;BA;41750-125;fiscal@homedoctor.com.br;0;T;;;;14.464,98;0,00;421;3,00;433,95;0,00;N;0,00;0,00;0,00;0,00;0,00;2;92.693.118/0001-60;;;BRADESCO SAUDE S/A;AV;Rio de Janeiro;555;19º andar;Caju;Rio de Janeiro;RJ;20931-675;contfiscal@bradescoseguros.com.br;HONORARIOS DE SERVICOS MEDICOS
2;8605;03/07/2026 09:34:38;ZPVY5JBV;RPS;;;;00.271.122/001-86;2;07.766.008/0001-02;BAHIA HOME CARE SERVICOS MEDICOS DOMICILIARES LTDA;Rua;Professor Ronald Gonçalves dos Santos;38;;ARMAÇÃO;Salvador;BA;41750-125;fiscal@homedoctor.com.br;0;T;;;;93.693,96;0,00;421;3,00;2.810,82;0,00;N;609,01;2.810,82;0,00;1.405,41;936,94;2;02.812.468/0001-06;;;UNIMED CNU - COOPERATIVA CENTRAL;RUA;FREI CANECA;1355;;CONSOLACAO;São Paulo;SP;01307-003;EQ.TRIBUTARIA@UNIMEDCNU.COOP.BR;Honorarios de servicos medicos
2;8604;03/07/2026 09:32:10;TBVY98JD;RPS;;;;00.271.122/001-86;2;07.766.008/0001-02;BAHIA HOME CARE SERVICOS MEDICOS DOMICILIARES LTDA;Rua;Professor Ronald Gonçalves dos Santos;38;;ARMAÇÃO;Salvador;BA;41750-125;fiscal@homedoctor.com.br;0;T;;;;5.778,60;0,00;421;3,00;173,36;0,00;N;37,56;173,36;0,00;86,68;57,79;2;02.812.468/0001-06;;;UNIMED CNU - COOPERATIVA CENTRAL;RUA;FREI CANECA;1355;;CONSOLACAO;São Paulo;SP;01307-003;EQ.TRIBUTARIA@UNIMEDCNU.COOP.BR;Honorarios de servicos medicos
2;8603;02/07/2026 18:22:54;HAYKMMJU;RPS;;;;00.271.122/001-86;2;07.766.008/0001-02;BAHIA HOME CARE SERVICOS MEDICOS DOMICILIARES LTDA;Rua;Professor Ronald Gonçalves dos Santos;38;;ARMAÇÃO;Salvador;BA;41750-125;fiscal@homedoctor.com.br;0;T;;;;77.507,26;0,00;421;3,00;2.325,22;0,00;N;0,00;0,00;0,00;0,00;0,00;2;63.554.067/0001-98;;;HAPVIDA ASSISTENCIA MEDICA S.A.;AVE;HERACLITO GRACA;406;2 ANDAR;CENTRO;Fortaleza;CE;60140-061;FISCAL@HAPVIDA.COM.BR;HONORARIOS DE SERVICOS MEDICOS|PROCESSO: 2660542071
2;8602;02/07/2026 18:16:42;WCURHE6J;RPS;;;;00.271.122/001-86;2;07.766.008/0001-02;BAHIA HOME CARE SERVICOS MEDICOS DOMICILIARES LTDA;Rua;Professor Ronald Gonçalves dos Santos;38;;ARMAÇÃO;Salvador;BA;41750-125;fiscal@homedoctor.com.br;0;T;;;;53.385,10;0,00;421;3,00;1.601,55;0,00;N;347,00;1.601,55;0,00;800,78;533,85;2;11.828.089/0001-03;;;LUMINAR SAUDE ASSOCIACAO DE ASSISTENCIA A SAUDE;QUA;SHCGN CR 704/705 BLOCO C;SN;LOJA  48;ASA NORTE;Brasília;DF;70730-630;GOVERNANCA@E-VIDA.ORG.BR;HONORARIOS DE SERVICOS MEDICOS|DATA VENCIMENTO: 31/08/2026
2;8601;02/07/2026 18:15:15;2GJYJGMR;RPS;;;;00.271.122/001-86;2;07.766.008/0001-02;BAHIA HOME CARE SERVICOS MEDICOS DOMICILIARES LTDA;Rua;Professor Ronald Gonçalves dos Santos;38;;ARMAÇÃO;Salvador;BA;41750-125;fiscal@homedoctor.com.br;0;T;;;;3.938,86;0,00;421;3,00;118,17;0,00;N;25,60;118,17;0,00;59,08;39,39;2;11.828.089/0001-03;;;LUMINAR SAUDE ASSOCIACAO DE ASSISTENCIA A SAUDE;QUA;SHCGN CR 704/705 BLOCO C;SN;LOJA  48;ASA NORTE;Brasília;DF;70730-630;GOVERNANCA@E-VIDA.ORG.BR;HONORARIOS DE SERVICOS MEDICOS|DATA VENCIMENTO: 31/08/2026
Total;53;;;;;;;;;;;;;;;;;;;;;;;;;4.648.012,60;0,00;;;139.440,39;0,00;;;;;;;;;;;;;;;;;
